{
    "Kl":[[1.551365808746328e+03,-0.283987352590764,6.384726406962266e+02],
        [0,1.551648458700093e+03,3.601077810420450e+02],
        [0,0,1]],
    "Dl":[[-0.003831856871858,0.014335416668842,-1.403507420767281e-04,9.512628419411976e-05,-0.043865909807228]],
    "Kr":[[1.551775512380934e+03,-0.228378666304153,6.398269863111284e+02],
        [0,1.551981710764643e+03,3.606485508122922e+02],
        [0,0,1]],
    "Dr":[[-0.003901090659322,0.017846164091322,-1.400542735012064e-05,4.729866971468782e-04,-0.059866219713504]],
    "R":[[0.999999322291886,1.553593191282502e-05,-0.001164119583476],
        [-1.602708546979368e-05,0.999999910871022,-4.219017418326316e-04],
        [0.001164112925083,4.219201133504596e-04,0.999999233411964]],
    "T":[-70.884023186323460,-0.038732240194433,0.195631105236594],
    "baseline":62,
    "focal":8.0,
    "width":1280,
    "height":720

}
