{
    "Kl":[[282.788778788124,0.0221096886929565,326.493533787553],
        [0,281.130013957756,251.313726018059],
        [0,0,1]],
    "Dl":[[0.296823546907150,-0.343626990734002,-0.000283200729436058,0.00138179618204047,0.115899293360083]],
    "Kr":[[284.353509650782,0.114248365162495,324.004828885201],
        [0,282.435833232142,244.366293812338],
        [0,0,1]],
    "Dr":[[0.306772690939853,-0.371376993923971,-0.00237908622528882,0.00364560075273486,0.143874512302808]],
    "R":[[0.999960556758631,0.00143301367297682,-0.00876535217669133],
        [-0.00139760190305121,0.999990843257764,0.00404476322494481],
        [0.00877106811562615,-0.00403235321348959,0.999953403160204]],
    "T":[-60.7403819786238,0.302552710042358,0.0331524081020314],
    "baseline":60.7403819786238,
    "focal":8.0

}
